P_DES_new,Delta_P,frequency,Freq_delta_fact,P_DGU
0,0,48.32446638447199,-50,0
1453.5583536017252,2.5583536017252024,48.01552387419745,-0.6529871874349453,1451.0
1707.4115891663207,9.411589166320702,49.60819828558378,-1.2524369023574735,1698.0
